{
  "$schema": "./node_modules/@stryker-mutator/core/schema/stryker-schema.json",
  "_comment": "This config was generated using 'stryker init'. Please take a look at: https://stryker-mutator.io/docs/stryker-js/configuration/ for more information",
  "packageManager": "npm",
  "mutate": [
    "src/**/*.ts",
    "!src/**/*.test.ts",
    "!src/**/*.spec.ts"
  ],
  "reporters": [
    "html",
    "clear-text"
  ],
  "testRunner": "jest",
  "jest":{
    "configFile": "jest.config.cjs"
  },
  "coverageAnalysis": "perTest"
}